,time,frequencies,channel,answer,prec_time,stimulus,subject,condition,visual_cue,boundary,loc_change,changable_notes,time_difference,signal_theory,part
35,16.01,261.6255653,17.5,0,0.0,stim_maj_1,p_Rupert,melody,1,1,0,1,-16.01,corr,main
57,23.007,261.6255653,1.0,1,23.791,stim_maj_1,p_Rupert,melody,1,0,1,1,0.7839999999999989,hit,main
70,28.002,329.6275569,-17.5,0,0.0,stim_maj_1,p_Rupert,melody,1,0,1,1,-28.002,miss,main
95,40.012,261.6255653,1.0,0,0.0,stim_maj_1,p_Rupert,melody,1,1,0,1,-40.012,corr,main
102,44.008,349.2282314,17.5,1,44.632,stim_maj_1,p_Rupert,melody,1,0,0,1,0.6239999999999952,fa,main
115,48.007,246.9416506,-17.5,1,48.635,stim_maj_1,p_Rupert,melody,1,1,1,1,0.6280000000000001,hit,main
130,56.508,523.2511306,17.5,0,0.0,stim_maj_1,p_Rupert,melody,1,1,1,1,-56.508,miss,main
8,4.256,587.3295358,1.0,0,0.0,stim_min_1,p_Rupert,rhythm,1,0,1,1,-4.256,miss,main
20,10.757,261.6255653,1.0,0,0.0,stim_min_1,p_Rupert,rhythm,1,1,0,1,-10.757,corr,main
23,13.254,391.995436,1.0,0,0.0,stim_min_1,p_Rupert,rhythm,1,0,0,1,-13.254,corr,main
31,17.012,391.995436,17.5,1,17.931,stim_min_1,p_Rupert,rhythm,1,1,0,1,0.9190000000000005,fa,main
35,19.515,493.8833013,1.0,1,20.273,stim_min_1,p_Rupert,rhythm,1,0,1,1,0.7579999999999991,hit,main
38,20.834,311.1269837,1.0,0,0.0,stim_min_1,p_Rupert,rhythm,1,0,0,1,-20.834,corr,main
44,25.008,293.6647679,1.0,1,25.767,stim_min_1,p_Rupert,rhythm,1,0,1,1,0.7590000000000003,hit,main
51,28.757,261.6255653,17.5,1,29.781,stim_min_1,p_Rupert,rhythm,1,1,1,1,1.0239999999999974,hit,main
16,6.005,587.3295358,1.0,1,6.539,stim_min_1,p_Rupert,melody,1,0,1,1,0.5339999999999998,hit,main
20,8.003,261.6255653,17.5,0,0.0,stim_min_1,p_Rupert,melody,1,1,1,1,-8.003,miss,main
25,12.003,293.6647679,17.5,1,12.698,stim_min_1,p_Rupert,melody,1,0,0,1,0.6950000000000003,fa,main
31,16.015,391.995436,17.5,0,0.0,stim_min_1,p_Rupert,melody,1,1,0,1,-16.015,corr,main
35,20.013,195.997718,17.5,0,0.0,stim_min_1,p_Rupert,melody,1,0,0,1,-20.013,corr,main
39,24.512,391.995436,1.0,1,25.447,stim_min_1,p_Rupert,melody,1,1,0,1,0.9349999999999987,fa,main
46,29.013,349.2282314,-17.5,1,29.885,stim_min_1,p_Rupert,melody,1,0,1,1,0.8719999999999999,hit,main
52,33.004,246.9416506,1.0,0,0.0,stim_min_1,p_Rupert,melody,1,0,0,1,-33.004,corr,main
85,48.011,391.995436,-17.5,0,0.0,stim_min_1,p_Rupert,melody,1,1,1,1,-48.011,miss,main
119,61.012,261.6255653,17.5,1,61.732,stim_min_1,p_Rupert,melody,1,0,1,1,0.7199999999999989,hit,main
35,15.39,261.6255653,17.5,1,16.294,stim_maj_1,p_Rupert,rhythm,1,1,1,1,0.9039999999999999,hit,main
79,33.756,523.2511306,1.0,0,0.0,stim_maj_1,p_Rupert,rhythm,1,1,0,1,-33.756,corr,main
84,36.64,391.995436,-17.5,1,37.482,stim_maj_1,p_Rupert,rhythm,1,0,1,1,0.8419999999999987,hit,main
91,39.88,293.6647679,1.0,1,41.05,stim_maj_1,p_Rupert,rhythm,1,1,1,1,1.1699999999999946,hit,main
115,50.828,246.9416506,1.0,1,51.493,stim_maj_1,p_Rupert,rhythm,1,1,1,1,0.6649999999999991,hit,main
121,53.834,261.6255653,-17.5,0,0.0,stim_maj_1,p_Rupert,rhythm,1,0,1,1,-53.834,miss,main
130,58.958,523.2511306,-17.5,0,0.0,stim_maj_1,p_Rupert,rhythm,1,1,0,1,-58.958,corr,main
3,1.015,391.995436,1.0,1,2.028,stim_min_1,p_Rupert,main,1,0,1,1,1.0130000000000001,hit,main
20,8.014,261.6255653,17.5,0,0.0,stim_min_1,p_Rupert,main,1,1,1,1,-8.014,miss,main
24,11.514,349.2282314,17.5,0,0.0,stim_min_1,p_Rupert,main,1,0,0,1,-11.514,corr,main
29,14.011,246.9416506,1.0,0,0.0,stim_min_1,p_Rupert,main,1,0,0,1,-14.011,corr,main
31,16.002,391.995436,-17.5,0,0.0,stim_min_1,p_Rupert,main,1,1,1,1,-16.002,miss,main
43,27.005,261.6255653,17.5,0,0.0,stim_min_1,p_Rupert,main,1,0,0,1,-27.005,corr,main
46,29.015,349.2282314,1.0,1,30.805,stim_min_1,p_Rupert,main,1,0,1,1,1.7899999999999991,hit,main
66,40.006,261.6255653,1.0,0,0.0,stim_min_1,p_Rupert,main,1,1,0,1,-40.006,corr,main
77,44.008,391.995436,17.5,1,44.912,stim_min_1,p_Rupert,main,1,0,1,1,0.9039999999999964,hit,main
101,56.002,261.6255653,1.0,0,0.0,stim_min_1,p_Rupert,main,1,1,0,1,-56.002,corr,main
35,16.008,261.6255653,1.0,1,17.645,stim_maj_1,p_Rupert,main,1,1,1,1,1.6370000000000005,hit,main
53,22.005,261.6255653,-17.5,1,22.955,stim_maj_1,p_Rupert,main,1,0,1,1,0.9499999999999993,hit,main
79,32.011,523.2511306,1.0,1,32.899,stim_maj_1,p_Rupert,main,1,1,1,1,0.8879999999999981,hit,main
95,40.011,261.6255653,17.5,0,0.0,stim_maj_1,p_Rupert,main,1,1,0,1,-40.011,corr,main
115,48.013,246.9416506,-17.5,1,48.85,stim_maj_1,p_Rupert,main,1,1,1,1,0.8370000000000033,hit,main
124,52.015,349.2282314,-17.5,0,0.0,stim_maj_1,p_Rupert,main,1,0,0,1,-52.015,corr,main
135,60.507,293.6647679,1.0,1,61.645,stim_maj_1,p_Rupert,main,1,0,1,1,1.1380000000000052,hit,main
136,61.004,391.995436,17.5,1,61.645,stim_maj_1,p_Rupert,main,1,0,1,1,0.6410000000000053,hit,main
34,19.01,369.9944227,1.0,0,0.0,stim_min_1,p_A,main,1,0,0,1,-19.01,corr,main
37,22.003,349.2282314,-17.5,1,22.934,stim_min_1,p_A,main,1,0,1,1,0.9310000000000009,hit,main
49,30.007,311.1269837,17.5,1,30.737,stim_min_1,p_A,main,1,0,1,1,0.7299999999999969,hit,main
51,32.011,261.6255653,1.0,0,0.0,stim_min_1,p_A,main,1,1,1,1,-32.011,miss,main
66,40.002,261.6255653,1.0,0,0.0,stim_min_1,p_A,main,1,1,0,1,-40.002,corr,main
73,43.008,391.995436,-17.5,1,43.645,stim_min_1,p_A,main,1,0,1,1,0.6370000000000005,hit,main
81,46.012,195.997718,1.0,1,47.082,stim_min_1,p_A,main,1,0,1,1,1.0700000000000003,hit,main
85,48.012,391.995436,1.0,0,0.0,stim_min_1,p_A,main,1,1,0,1,-48.012,corr,main
89,50.005,261.6255653,17.5,1,50.568,stim_min_1,p_A,main,1,0,1,1,0.5629999999999953,hit,main
101,56.004,261.6255653,1.0,1,56.719,stim_min_1,p_A,main,1,1,1,1,0.7150000000000034,hit,main
18,8.509,391.995436,1.0,0,0.0,stim_maj_1,p_A,main,1,1,1,1,-8.509,miss,main
35,16.015,261.6255653,17.5,1,16.855,stim_maj_1,p_A,main,1,1,0,1,0.8399999999999999,fa,main
73,30.011,391.995436,-17.5,1,30.961,stim_maj_1,p_A,main,1,0,0,1,0.9499999999999993,fa,main
84,34.012,391.995436,17.5,0,0.0,stim_maj_1,p_A,main,1,0,1,1,-34.012,miss,main
91,38.011,293.6647679,-17.5,0,0.0,stim_maj_1,p_A,main,1,1,1,1,-38.011,miss,main
115,48.01,246.9416506,-17.5,0,0.0,stim_maj_1,p_A,main,1,1,0,1,-48.01,corr,main
130,56.51,523.2511306,1.0,1,57.272,stim_maj_1,p_A,main,1,1,1,1,0.7620000000000005,hit,main
134,59.015,440.0,17.5,0,0.0,stim_maj_1,p_A,main,1,0,1,1,-59.015,miss,main
18,9.266,391.995436,-17.5,1,9.882,stim_maj_1,p_A,rhythm,1,1,0,1,0.6159999999999997,fa,main
45,20.639,391.995436,17.5,1,21.323,stim_maj_1,p_A,rhythm,1,0,1,1,0.684000000000001,hit,main
72,32.006,440.0,1.0,1,32.643,stim_maj_1,p_A,rhythm,1,0,1,1,0.6370000000000005,hit,main
79,34.761,523.2511306,1.0,0,0.0,stim_maj_1,p_A,rhythm,1,1,0,1,-34.761,corr,main
91,40.133,293.6647679,17.5,1,40.781,stim_maj_1,p_A,rhythm,1,1,1,1,0.6479999999999961,hit,main
95,41.64,261.6255653,1.0,0,0.0,stim_maj_1,p_A,rhythm,1,1,1,1,-41.64,miss,main
115,49.962,246.9416506,1.0,1,50.473,stim_maj_1,p_A,rhythm,1,1,1,1,0.5109999999999957,hit,main
129,56.588,261.6255653,17.5,1,57.521,stim_maj_1,p_A,rhythm,1,0,1,1,0.9329999999999998,hit,main
19,7.014,311.1269837,1.0,0,0.0,stim_min_1,p_A,melody,1,0,0,1,-7.014,corr,main
31,16.016,391.995436,17.5,0,0.0,stim_min_1,p_A,melody,1,1,0,1,-16.016,corr,main
39,24.513,391.995436,-17.5,1,25.404,stim_min_1,p_A,melody,1,1,1,1,0.8909999999999982,hit,main
55,34.015,391.995436,1.0,0,0.0,stim_min_1,p_A,melody,1,0,0,1,-34.015,corr,main
65,39.003,195.997718,17.5,1,39.808,stim_min_1,p_A,melody,1,0,1,1,0.8049999999999997,hit,main
73,43.012,415.3046976,1.0,1,44.024,stim_min_1,p_A,melody,1,0,1,1,1.0120000000000005,hit,main
81,46.014,349.2282314,-17.5,0,0.0,stim_min_1,p_A,melody,1,0,1,1,-46.014,miss,main
117,60.015,311.1269837,1.0,0,0.0,stim_min_1,p_A,melody,1,0,1,1,-60.015,miss,main
119,61.011,311.1269837,17.5,0,0.0,stim_min_1,p_A,melody,1,0,1,1,-61.011,miss,main
121,62.013,293.6647679,1.0,0,0.0,stim_min_1,p_A,melody,1,0,1,1,-62.013,miss,main
8,3.955,587.3295358,1.0,1,4.564,stim_min_1,p_A,rhythm,1,0,1,1,0.609,hit,main
30,16.212,261.6255653,-17.5,0,0.0,stim_min_1,p_A,rhythm,1,0,1,1,-16.212,miss,main
34,18.954,369.9944227,1.0,1,19.991,stim_min_1,p_A,rhythm,1,0,0,1,1.036999999999999,fa,main
38,21.626,311.1269837,17.5,0,0.0,stim_min_1,p_A,rhythm,1,0,0,1,-21.626,corr,main
44,24.709,293.6647679,17.5,0,0.0,stim_min_1,p_A,rhythm,1,0,0,1,-24.709,corr,main
51,28.954,261.6255653,-17.5,1,30.063,stim_min_1,p_A,rhythm,1,1,1,1,1.1089999999999982,hit,main
65,36.455,195.997718,1.0,1,37.029,stim_min_1,p_A,rhythm,1,0,1,1,0.5740000000000052,hit,main
73,40.129,391.995436,1.0,0,0.0,stim_min_1,p_A,rhythm,1,0,0,1,-40.129,corr,main
91,49.378,311.1269837,17.5,1,50.191,stim_min_1,p_A,rhythm,1,0,0,1,0.8130000000000024,fa,main
35,16.001,261.6255653,1.0,0,0.0,stim_maj_1,p_A,melody,1,1,0,1,-16.001,corr,main
49,20.017,440.0,17.5,1,21.283,stim_maj_1,p_A,melody,1,0,1,1,1.2660000000000018,hit,main
58,24.005,391.995436,1.0,1,25.095,stim_maj_1,p_A,melody,1,1,1,1,1.0899999999999999,hit,main
95,40.012,261.6255653,17.5,0,0.0,stim_maj_1,p_A,melody,1,1,1,1,-40.012,miss,main
106,45.003,440.0,-17.5,0,0.0,stim_maj_1,p_A,melody,1,0,1,1,-45.003,miss,main
115,48.007,246.9416506,1.0,0,0.0,stim_maj_1,p_A,melody,1,1,1,1,-48.007,miss,main
124,52.01,587.3295358,17.5,0,0.0,stim_maj_1,p_A,melody,1,0,1,1,-52.01,miss,main
136,61.002,329.6275569,17.5,0,0.0,stim_maj_1,p_A,melody,1,0,0,1,-61.002,corr,main
20,8.01,261.6255653,1.0,1,9.254,stim_min_1,p_Eva,main,1,1,1,1,1.2439999999999998,hit,main
39,24.503,391.995436,1.0,0,0.0,stim_min_1,p_Eva,main,1,1,0,1,-24.503,corr,main
61,37.01,261.6255653,1.0,1,37.821,stim_min_1,p_Eva,main,1,0,1,1,0.8109999999999999,hit,main
65,39.011,195.997718,17.5,0,0.0,stim_min_1,p_Eva,main,1,0,1,1,-39.011,miss,main
68,41.001,311.1269837,17.5,0,0.0,stim_min_1,p_Eva,main,1,0,0,1,-41.001,corr,main
73,43.003,391.995436,1.0,1,44.11,stim_min_1,p_Eva,main,1,0,1,1,1.1069999999999993,hit,main
87,49.012,349.2282314,-17.5,1,49.555,stim_min_1,p_Eva,main,1,0,0,1,0.5429999999999993,fa,main
98,54.009,261.6255653,17.5,0,0.0,stim_min_1,p_Eva,main,1,0,1,1,-54.009,miss,main
115,59.011,493.8833013,17.5,0,0.0,stim_min_1,p_Eva,main,1,0,0,1,-59.011,corr,main
28,12.009,349.2282314,1.0,1,12.724,stim_maj_1,p_Eva,main,1,0,1,1,0.7149999999999999,hit,main
35,16.011,261.6255653,1.0,0,0.0,stim_maj_1,p_Eva,main,1,1,0,1,-16.011,corr,main
45,18.006,391.995436,1.0,0,0.0,stim_maj_1,p_Eva,main,1,0,0,1,-18.006,corr,main
72,29.027,440.0,1.0,1,29.771,stim_maj_1,p_Eva,main,1,0,1,1,0.7439999999999998,hit,main
91,38.014,293.6647679,1.0,1,38.825,stim_maj_1,p_Eva,main,1,1,1,1,0.8109999999999999,hit,main
95,40.009,261.6255653,17.5,0,0.0,stim_maj_1,p_Eva,main,1,1,1,1,-40.009,miss,main
117,49.005,293.6647679,1.0,1,49.624,stim_maj_1,p_Eva,main,1,0,1,1,0.6189999999999998,hit,main
130,56.513,523.2511306,1.0,1,57.279,stim_maj_1,p_Eva,main,1,1,1,1,0.7660000000000053,hit,main
18,8.51,391.995436,1.0,0,0.0,stim_maj_1,p_Eva,melody,1,1,1,1,-8.51,miss,main
28,12.014,493.8833013,17.5,0,0.0,stim_maj_1,p_Eva,melody,1,0,1,1,-12.014,miss,main
35,16.013,261.6255653,-17.5,0,0.0,stim_maj_1,p_Eva,melody,1,1,1,1,-16.013,miss,main
66,26.015,440.0,1.0,1,26.529,stim_maj_1,p_Eva,melody,1,0,1,1,0.5139999999999993,hit,main
77,31.012,329.6275569,1.0,0,0.0,stim_maj_1,p_Eva,melody,1,0,0,1,-31.012,corr,main
95,40.01,261.6255653,1.0,0,0.0,stim_maj_1,p_Eva,melody,1,1,1,1,-40.01,miss,main
102,44.003,329.6275569,17.5,0,0.0,stim_maj_1,p_Eva,melody,1,0,1,1,-44.003,miss,main
115,48.015,246.9416506,17.5,1,48.894,stim_maj_1,p_Eva,melody,1,1,0,1,0.8789999999999978,fa,main
3,1.513,391.995436,1.0,1,2.609,stim_min_1,p_Eva,rhythm,1,0,1,1,1.096,hit,main
10,5.26,523.2511306,17.5,0,0.0,stim_min_1,p_Eva,rhythm,1,0,1,1,-5.26,miss,main
33,20.211,391.995436,1.0,0,0.0,stim_min_1,p_Eva,rhythm,1,0,0,1,-20.211,corr,main
38,22.374,311.1269837,17.5,0,0.0,stim_min_1,p_Eva,rhythm,1,0,1,1,-22.374,miss,main
44,26.531,293.6647679,1.0,1,27.262,stim_min_1,p_Eva,rhythm,1,0,1,1,0.7310000000000016,hit,main
51,30.628,261.6255653,-17.5,0,0.0,stim_min_1,p_Eva,rhythm,1,1,1,1,-30.628,miss,main
65,38.793,195.997718,-17.5,1,39.383,stim_min_1,p_Eva,rhythm,1,0,0,1,0.5900000000000034,fa,main
77,44.378,391.995436,1.0,1,45.187,stim_min_1,p_Eva,rhythm,1,0,1,1,0.8089999999999975,hit,main
98,53.705,261.6255653,1.0,1,54.327,stim_min_1,p_Eva,rhythm,1,0,1,1,0.6219999999999999,hit,main
115,60.365,493.8833013,1.0,0,0.0,stim_min_1,p_Eva,rhythm,1,0,0,1,-60.365,corr,main
3,1.012,311.1269837,1.0,1,1.775,stim_min_1,p_Eva,melody,1,0,1,1,0.7629999999999999,hit,main
13,5.002,349.2282314,17.5,0,0.0,stim_min_1,p_Eva,melody,1,0,0,1,-5.002,corr,main
20,8.005,261.6255653,1.0,0,0.0,stim_min_1,p_Eva,melody,1,1,1,1,-8.005,miss,main
25,12.008,293.6647679,1.0,0,0.0,stim_min_1,p_Eva,melody,1,0,0,1,-12.008,corr,main
29,14.002,391.995436,-17.5,0,0.0,stim_min_1,p_Eva,melody,1,0,1,1,-14.002,miss,main
31,16.01,391.995436,1.0,1,16.553,stim_min_1,p_Eva,melody,1,1,1,1,0.5429999999999993,hit,main
39,24.506,391.995436,1.0,0,0.0,stim_min_1,p_Eva,melody,1,1,0,1,-24.506,corr,main
46,29.008,523.2511306,17.5,0,0.0,stim_min_1,p_Eva,melody,1,0,0,1,-29.008,corr,main
66,40.012,261.6255653,-17.5,0,0.0,stim_min_1,p_Eva,melody,1,1,0,1,-40.012,corr,main
113,58.009,391.995436,1.0,1,58.693,stim_min_1,p_Eva,melody,1,0,1,1,0.6839999999999975,hit,main
18,9.139,391.995436,1.0,0,0.0,stim_maj_1,p_Eva,rhythm,1,1,0,1,-9.139,corr,main
58,25.585,391.995436,1.0,1,26.129,stim_maj_1,p_Eva,rhythm,1,1,1,1,0.5440000000000005,hit,main
70,30.086,523.2511306,-17.5,1,30.818,stim_maj_1,p_Eva,rhythm,1,0,1,1,0.7320000000000029,hit,main
79,33.835,523.2511306,-17.5,1,34.273,stim_maj_1,p_Eva,rhythm,1,1,0,1,0.4380000000000024,fa,main
89,38.323,349.2282314,1.0,0,0.0,stim_maj_1,p_Eva,rhythm,1,0,1,1,-38.323,miss,main
110,47.712,523.2511306,-17.5,0,0.0,stim_maj_1,p_Eva,rhythm,1,0,1,1,-47.712,miss,main
115,50.954,246.9416506,1.0,1,51.532,stim_maj_1,p_Eva,rhythm,1,1,1,1,0.5779999999999959,hit,main
130,59.075,523.2511306,17.5,1,59.713,stim_maj_1,p_Eva,rhythm,1,1,0,1,0.6379999999999981,fa,main
18,8.633,391.995436,1.0,1,9.211,stim_maj_1,p_Theo,rhythm,1,1,1,1,0.5780000000000012,hit,main
32,13.891,293.6647679,17.5,1,14.951,stim_maj_1,p_Theo,rhythm,1,0,1,1,1.0600000000000005,hit,main
51,21.391,261.6255653,-17.5,0,0.0,stim_maj_1,p_Theo,rhythm,1,0,0,1,-21.391,corr,main
58,25.455,391.995436,1.0,1,26.202,stim_maj_1,p_Theo,rhythm,1,1,1,1,0.7470000000000034,hit,main
66,27.587,440.0,17.5,1,28.459,stim_maj_1,p_Theo,rhythm,1,0,1,1,0.8719999999999999,hit,main
91,38.077,293.6647679,1.0,0,0.0,stim_maj_1,p_Theo,rhythm,1,1,0,1,-38.077,corr,main
129,57.085,261.6255653,1.0,1,57.663,stim_maj_1,p_Theo,rhythm,1,0,1,1,0.5779999999999959,hit,main
135,60.976,293.6647679,17.5,1,61.973,stim_maj_1,p_Theo,rhythm,1,0,1,1,0.9969999999999999,hit,main
19,7.016,311.1269837,1.0,1,7.513,stim_min_1,p_Theo,melody,1,0,1,1,0.4969999999999999,hit,main
24,11.502,311.1269837,17.5,1,12.543,stim_min_1,p_Theo,melody,1,0,1,1,1.0409999999999986,hit,main
32,17.014,391.995436,17.5,1,17.463,stim_min_1,p_Theo,melody,1,0,0,1,0.4490000000000016,fa,main
39,24.501,391.995436,1.0,0,0.0,stim_min_1,p_Theo,melody,1,1,0,1,-24.501,corr,main
50,31.006,261.6255653,-17.5,1,31.85,stim_min_1,p_Theo,melody,1,0,1,1,0.8440000000000012,hit,main
57,35.007,391.995436,-17.5,0,0.0,stim_min_1,p_Theo,melody,1,0,0,1,-35.007,corr,main
61,37.013,195.997718,1.0,1,37.9,stim_min_1,p_Theo,melody,1,0,1,1,0.8870000000000005,hit,main
85,48.008,391.995436,1.0,1,48.708,stim_min_1,p_Theo,melody,1,1,1,1,0.6999999999999957,hit,main
89,50.015,293.6647679,-17.5,1,51.092,stim_min_1,p_Theo,melody,1,0,1,1,1.0769999999999982,hit,main
107,57.015,349.2282314,1.0,0,0.0,stim_min_1,p_Theo,melody,1,0,0,1,-57.015,corr,main
29,14.844,246.9416506,-17.5,0,0.0,stim_min_1,p_Theo,rhythm,1,0,0,1,-14.844,corr,main
34,19.011,369.9944227,17.5,0,0.0,stim_min_1,p_Theo,rhythm,1,0,1,1,-19.011,miss,main
66,36.838,261.6255653,1.0,1,37.385,stim_min_1,p_Theo,rhythm,1,1,1,1,0.546999999999997,hit,main
77,41.263,391.995436,17.5,0,0.0,stim_min_1,p_Theo,rhythm,1,0,1,1,-41.263,miss,main
85,46.006,391.995436,17.5,0,0.0,stim_min_1,p_Theo,rhythm,1,1,0,1,-46.006,corr,main
98,51.334,261.6255653,1.0,1,51.893,stim_min_1,p_Theo,rhythm,1,0,1,1,0.5589999999999975,hit,main
115,58.962,493.8833013,-17.5,1,60.099,stim_min_1,p_Theo,rhythm,1,0,1,1,1.1369999999999933,hit,main
117,59.787,440.0,-17.5,1,60.099,stim_min_1,p_Theo,rhythm,1,0,0,1,0.3119999999999976,fa,main
121,61.702,349.2282314,17.5,1,62.558,stim_min_1,p_Theo,rhythm,1,0,1,1,0.8560000000000016,hit,main
18,8.502,391.995436,-17.5,0,0.0,stim_maj_1,p_Theo,melody,1,1,0,1,-8.502,corr,main
30,13.009,440.0,1.0,1,13.648,stim_maj_1,p_Theo,melody,1,0,1,1,0.6389999999999993,hit,main
58,24.01,391.995436,1.0,1,24.914,stim_maj_1,p_Theo,melody,1,1,1,1,0.9039999999999999,hit,main
91,38.001,293.6647679,1.0,1,39.076,stim_maj_1,p_Theo,melody,1,1,1,1,1.0750000000000028,hit,main
95,40.015,261.6255653,1.0,0,0.0,stim_maj_1,p_Theo,melody,1,1,0,1,-40.015,corr,main
101,43.006,293.6647679,-17.5,1,43.898,stim_maj_1,p_Theo,melody,1,0,1,1,0.892000000000003,hit,main
114,47.008,523.2511306,1.0,1,47.509,stim_maj_1,p_Theo,melody,1,0,1,1,0.5009999999999977,hit,main
130,56.506,523.2511306,17.5,1,57.206,stim_maj_1,p_Theo,melody,1,1,1,1,0.7000000000000028,hit,main
8,4.009,293.6647679,-17.5,0,0.0,stim_maj_1,p_Theo,main,1,0,0,1,-4.009,corr,main
28,12.01,349.2282314,1.0,1,13.071,stim_maj_1,p_Theo,main,1,0,1,1,1.061,hit,main
58,24.004,391.995436,1.0,0,0.0,stim_maj_1,p_Theo,main,1,1,0,1,-24.004,corr,main
79,32.009,523.2511306,-17.5,0,0.0,stim_maj_1,p_Theo,main,1,1,1,1,-32.009,miss,main
84,34.003,391.995436,1.0,1,34.768,stim_maj_1,p_Theo,main,1,0,1,1,0.7650000000000006,hit,main
101,43.015,391.995436,1.0,1,43.606,stim_maj_1,p_Theo,main,1,0,1,1,0.5910000000000011,hit,main
115,48.001,246.9416506,-17.5,0,0.0,stim_maj_1,p_Theo,main,1,1,1,1,-48.001,miss,main
130,56.513,523.2511306,1.0,0,0.0,stim_maj_1,p_Theo,main,1,1,0,1,-56.513,corr,main
20,8.016,261.6255653,17.5,1,10.022,stim_min_1,p_Theo,main,1,1,1,1,2.0060000000000002,hit,main
25,12.004,311.1269837,1.0,1,13.326,stim_min_1,p_Theo,main,1,0,1,1,1.322000000000001,hit,main
30,15.003,261.6255653,1.0,0,0.0,stim_min_1,p_Theo,main,1,0,0,1,-15.003,corr,main
51,32.006,261.6255653,-17.5,1,32.486,stim_min_1,p_Theo,main,1,1,0,1,0.4799999999999969,fa,main
73,43.014,391.995436,17.5,0,0.0,stim_min_1,p_Theo,main,1,0,1,1,-43.014,miss,main
84,47.014,261.6255653,1.0,1,47.898,stim_min_1,p_Theo,main,1,0,1,1,0.8840000000000003,hit,main
87,49.004,349.2282314,1.0,0,0.0,stim_min_1,p_Theo,main,1,0,0,1,-49.004,corr,main
98,54.001,261.6255653,-17.5,0,0.0,stim_min_1,p_Theo,main,1,0,0,1,-54.001,corr,main
115,59.015,493.8833013,1.0,0,0.0,stim_min_1,p_Theo,main,1,0,0,1,-59.015,corr,main
117,60.009,440.0,17.5,0,0.0,stim_min_1,p_Theo,main,1,0,1,1,-60.009,miss,main
23,13.091,391.995436,1.0,1,13.885,stim_min_1,p_Julian,rhythm,1,0,1,1,0.7940000000000005,hit,main
33,19.837,391.995436,1.0,1,20.537,stim_min_1,p_Julian,rhythm,1,0,1,1,0.6999999999999993,hit,main
51,29.001,261.6255653,1.0,0,0.0,stim_min_1,p_Julian,rhythm,1,1,0,1,-29.001,corr,main
57,31.918,261.6255653,1.0,0,0.0,stim_min_1,p_Julian,rhythm,1,0,0,1,-31.918,corr,main
66,37.681,261.6255653,17.5,1,38.754,stim_min_1,p_Julian,rhythm,1,1,1,1,1.0730000000000004,hit,main
79,42.848,246.9416506,1.0,1,43.692,stim_min_1,p_Julian,rhythm,1,0,1,1,0.8440000000000012,hit,main
96,51.429,293.6647679,-17.5,1,52.117,stim_min_1,p_Julian,rhythm,1,0,1,1,0.6879999999999953,hit,main
101,53.422,261.6255653,1.0,1,54.059,stim_min_1,p_Julian,rhythm,1,1,1,1,0.6370000000000005,hit,main
113,58.963,391.995436,17.5,1,59.632,stim_min_1,p_Julian,rhythm,1,0,1,1,0.6689999999999969,hit,main
117,60.366,440.0,17.5,0,0.0,stim_min_1,p_Julian,rhythm,1,0,0,1,-60.366,corr,main
18,8.508,391.995436,17.5,1,9.193,stim_maj_1,p_Julian,melody,1,1,1,1,0.6850000000000005,hit,main
43,17.003,329.6275569,1.0,0,0.0,stim_maj_1,p_Julian,melody,1,0,0,1,-17.003,corr,main
79,32.003,523.2511306,-17.5,0,0.0,stim_maj_1,p_Julian,melody,1,1,1,1,-32.003,miss,main
89,37.012,349.2282314,1.0,0,0.0,stim_maj_1,p_Julian,melody,1,0,1,1,-37.012,miss,main
95,40.014,261.6255653,1.0,0,0.0,stim_maj_1,p_Julian,melody,1,1,0,1,-40.014,corr,main
115,48.0,246.9416506,-17.5,0,0.0,stim_maj_1,p_Julian,melody,1,1,1,1,-48.0,miss,main
121,51.013,329.6275569,1.0,1,52.041,stim_maj_1,p_Julian,melody,1,0,1,1,1.0279999999999987,hit,main
126,53.006,391.995436,17.5,1,54.037,stim_maj_1,p_Julian,melody,1,0,1,1,1.0309999999999988,hit,main
8,4.001,293.6647679,1.0,1,4.869,stim_maj_1,p_Julian,main,1,0,1,1,0.8679999999999994,hit,main
18,8.515,391.995436,17.5,1,9.419,stim_maj_1,p_Julian,main,1,1,1,1,0.9039999999999999,hit,main
35,16.001,261.6255653,1.0,1,17.044,stim_maj_1,p_Julian,main,1,1,1,1,1.0429999999999993,hit,main
58,24.006,391.995436,1.0,0,0.0,stim_maj_1,p_Julian,main,1,1,0,1,-24.006,corr,main
84,34.015,391.995436,17.5,0,0.0,stim_maj_1,p_Julian,main,1,0,1,1,-34.015,miss,main
89,37.006,349.2282314,1.0,0,0.0,stim_maj_1,p_Julian,main,1,0,1,1,-37.006,miss,main
95,40.014,261.6255653,1.0,0,0.0,stim_maj_1,p_Julian,main,1,1,0,1,-40.014,corr,main
130,56.512,523.2511306,17.5,1,57.649,stim_maj_1,p_Julian,main,1,1,1,1,1.1370000000000005,hit,main
18,7.754,391.995436,1.0,1,8.375,stim_maj_1,p_Julian,rhythm,1,1,1,1,0.6210000000000004,hit,main
49,21.828,329.6275569,1.0,0,0.0,stim_maj_1,p_Julian,rhythm,1,0,1,1,-21.828,miss,main
77,34.953,493.8833013,1.0,1,35.859,stim_maj_1,p_Julian,rhythm,1,0,1,1,0.9059999999999988,hit,main
87,38.953,440.0,1.0,0,0.0,stim_maj_1,p_Julian,rhythm,1,0,0,1,-38.953,corr,main
91,40.95,293.6647679,17.5,0,0.0,stim_maj_1,p_Julian,rhythm,1,1,1,1,-40.95,miss,main
115,50.334,246.9416506,1.0,0,0.0,stim_maj_1,p_Julian,rhythm,1,1,0,1,-50.334,corr,main
121,53.83,261.6255653,-17.5,1,55.054,stim_maj_1,p_Julian,rhythm,1,0,1,1,1.2240000000000038,hit,main
130,60.081,523.2511306,1.0,0,0.0,stim_maj_1,p_Julian,rhythm,1,1,0,1,-60.081,corr,main
3,1.012,391.995436,-17.5,0,0.0,stim_min_1,p_Julian,main,1,0,0,1,-1.012,corr,main
20,8.013,261.6255653,1.0,1,9.321,stim_min_1,p_Julian,main,1,1,1,1,1.3079999999999998,hit,main
31,16.015,391.995436,17.5,1,16.434,stim_min_1,p_Julian,main,1,1,0,1,0.4190000000000005,fa,main
33,18.009,391.995436,1.0,0,0.0,stim_min_1,p_Julian,main,1,0,0,1,-18.009,corr,main
35,20.015,493.8833013,-17.5,1,21.03,stim_min_1,p_Julian,main,1,0,0,1,1.0150000000000006,fa,main
37,22.003,349.2282314,1.0,0,0.0,stim_min_1,p_Julian,main,1,0,0,1,-22.003,corr,main
63,38.002,293.6647679,-17.5,1,39.568,stim_min_1,p_Julian,main,1,0,1,1,1.5659999999999954,hit,main
73,43.004,391.995436,17.5,1,44.094,stim_min_1,p_Julian,main,1,0,1,1,1.0900000000000034,hit,main
101,56.009,261.6255653,1.0,1,57.13,stim_min_1,p_Julian,main,1,1,1,1,1.1210000000000022,hit,main
115,59.002,493.8833013,1.0,0,0.0,stim_min_1,p_Julian,main,1,0,0,1,-59.002,corr,main
5,2.002,293.6647679,1.0,1,3.109,stim_min_1,p_Julian,melody,1,0,1,1,1.1070000000000002,hit,main
16,6.006,349.2282314,1.0,0,0.0,stim_min_1,p_Julian,melody,1,0,0,1,-6.006,corr,main
20,8.014,261.6255653,1.0,0,0.0,stim_min_1,p_Julian,melody,1,1,0,1,-8.014,corr,main
31,16.001,391.995436,1.0,0,0.0,stim_min_1,p_Julian,melody,1,1,1,1,-16.001,miss,main
57,35.0,195.997718,17.5,0,0.0,stim_min_1,p_Julian,melody,1,0,0,1,-35.0,corr,main
61,37.008,293.6647679,1.0,1,37.91,stim_min_1,p_Julian,melody,1,0,1,1,0.9019999999999939,hit,main
66,40.012,261.6255653,-17.5,0,0.0,stim_min_1,p_Julian,melody,1,1,1,1,-40.012,miss,main
81,46.011,261.6255653,1.0,1,46.836,stim_min_1,p_Julian,melody,1,0,1,1,0.8249999999999957,hit,main
91,51.005,311.1269837,17.5,1,51.802,stim_min_1,p_Julian,melody,1,0,1,1,0.796999999999997,hit,main
107,57.003,493.8833013,1.0,1,57.594,stim_min_1,p_Julian,melody,1,0,1,1,0.5910000000000011,hit,main
18,8.56,391.995436,1.0,1,9.736,stim_maj_1,p_Simon,main,1,1,1,1,1.1760000000000002,hit,main
58,24.016,391.995436,-17.5,1,24.519,stim_maj_1,p_Simon,main,1,1,1,1,0.5030000000000001,hit,main
81,33.007,523.2511306,1.0,0,0.0,stim_maj_1,p_Simon,main,1,0,0,1,-33.007,corr,main
91,38.008,293.6647679,17.5,0,0.0,stim_maj_1,p_Simon,main,1,1,0,1,-38.008,corr,main
102,44.014,391.995436,1.0,1,44.804,stim_maj_1,p_Simon,main,1,0,1,1,0.7899999999999991,hit,main
114,47.016,523.2511306,-17.5,1,47.622,stim_maj_1,p_Simon,main,1,0,1,1,0.6060000000000016,hit,main
121,51.012,261.6255653,1.0,1,51.696,stim_maj_1,p_Simon,main,1,0,0,1,0.6839999999999975,fa,main
130,56.512,523.2511306,17.5,1,57.667,stim_maj_1,p_Simon,main,1,1,1,1,1.1550000000000011,hit,main
27,13.011,523.2511306,1.0,1,13.817,stim_min_1,p_Simon,melody,1,0,0,1,0.8060000000000009,fa,main
32,17.007,293.6647679,17.5,1,17.895,stim_min_1,p_Simon,melody,1,0,0,1,0.8879999999999981,fa,main
39,24.505,391.995436,1.0,1,25.186,stim_min_1,p_Simon,melody,1,1,1,1,0.6810000000000009,hit,main
65,39.013,195.997718,-17.5,0,0.0,stim_min_1,p_Simon,melody,1,0,0,1,-39.013,corr,main
73,43.013,349.2282314,17.5,1,43.835,stim_min_1,p_Simon,melody,1,0,1,1,0.8220000000000027,hit,main
84,47.002,261.6255653,1.0,1,47.767,stim_min_1,p_Simon,melody,1,0,1,1,0.7650000000000006,hit,main
91,51.0,349.2282314,-17.5,1,51.86,stim_min_1,p_Simon,melody,1,0,1,1,0.8599999999999994,hit,main
101,56.001,261.6255653,-17.5,0,0.0,stim_min_1,p_Simon,melody,1,1,0,1,-56.001,corr,main
121,62.01,261.6255653,17.5,1,62.862,stim_min_1,p_Simon,melody,1,0,1,1,0.8520000000000039,hit,main
35,18.39,261.6255653,17.5,1,19.453,stim_maj_1,p_Simon,rhythm,1,1,1,1,1.0629999999999988,hit,main
58,27.004,391.995436,-17.5,0,0.0,stim_maj_1,p_Simon,rhythm,1,1,1,1,-27.004,miss,main
106,46.957,391.995436,1.0,1,47.563,stim_maj_1,p_Simon,rhythm,1,0,1,1,0.6060000000000016,hit,main
115,51.704,246.9416506,1.0,1,52.439,stim_maj_1,p_Simon,rhythm,1,1,0,1,0.7349999999999994,fa,main
121,54.959,261.6255653,1.0,0,0.0,stim_maj_1,p_Simon,rhythm,1,0,0,1,-54.959,corr,main
130,59.575,523.2511306,-17.5,1,60.588,stim_maj_1,p_Simon,rhythm,1,1,1,1,1.0129999999999981,hit,main
134,61.336,440.0,1.0,1,62.193,stim_maj_1,p_Simon,rhythm,1,0,1,1,0.8569999999999993,hit,main
136,62.333,391.995436,17.5,0,0.0,stim_maj_1,p_Simon,rhythm,1,0,1,1,-62.333,miss,main
13,5.0,587.3295358,1.0,1,5.625,stim_min_1,p_Simon,main,1,0,1,1,0.625,hit,main
19,7.007,311.1269837,1.0,0,0.0,stim_min_1,p_Simon,main,1,0,0,1,-7.007,corr,main
21,9.01,391.995436,17.5,1,10.09,stim_min_1,p_Simon,main,1,0,0,1,1.08,fa,main
24,11.506,349.2282314,17.5,1,12.022,stim_min_1,p_Simon,main,1,0,0,1,0.516,fa,main
43,27.016,261.6255653,-17.5,0,0.0,stim_min_1,p_Simon,main,1,0,1,1,-27.016,miss,main
66,40.007,261.6255653,17.5,0,0.0,stim_min_1,p_Simon,main,1,1,0,1,-40.007,corr,main
73,43.012,391.995436,1.0,1,43.493,stim_min_1,p_Simon,main,1,0,1,1,0.48100000000000165,hit,main
85,48.007,391.995436,-17.5,1,48.663,stim_min_1,p_Simon,main,1,1,1,1,0.6559999999999988,hit,main
89,50.019,261.6255653,1.0,1,50.769,stim_min_1,p_Simon,main,1,0,1,1,0.75,hit,main
101,56.012,261.6255653,17.5,1,56.65,stim_min_1,p_Simon,main,1,1,1,1,0.6379999999999981,hit,main
35,16.013,261.6255653,17.5,0,0.0,stim_maj_1,p_Simon,melody,1,1,0,1,-16.013,corr,main
79,32.011,523.2511306,1.0,1,32.899,stim_maj_1,p_Simon,melody,1,1,1,1,0.8879999999999981,hit,main
93,39.007,329.6275569,17.5,0,0.0,stim_maj_1,p_Simon,melody,1,0,1,1,-39.007,miss,main
101,43.001,493.8833013,1.0,1,44.219,stim_maj_1,p_Simon,melody,1,0,1,1,1.2180000000000035,hit,main
110,46.007,349.2282314,-17.5,0,0.0,stim_maj_1,p_Simon,melody,1,0,1,1,-46.007,miss,main
115,48.001,246.9416506,1.0,1,49.17,stim_maj_1,p_Simon,melody,1,1,1,1,1.169000000000004,hit,main
130,56.511,523.2511306,1.0,1,57.408,stim_maj_1,p_Simon,melody,1,1,0,1,0.8969999999999985,fa,main
138,62.007,391.995436,17.5,0,0.0,stim_maj_1,p_Simon,melody,1,0,1,1,-62.007,miss,main
20,8.421,261.6255653,1.0,1,9.12,stim_min_1,p_Simon,rhythm,1,1,1,1,0.6989999999999998,hit,main
25,11.176,311.1269837,1.0,1,11.797,stim_min_1,p_Simon,rhythm,1,0,1,1,0.6210000000000004,hit,main
30,13.51,261.6255653,-17.5,0,0.0,stim_min_1,p_Simon,rhythm,1,0,1,1,-13.51,miss,main
34,16.507,369.9944227,1.0,1,16.927,stim_min_1,p_Simon,rhythm,1,0,1,1,0.41999999999999815,hit,main
39,20.001,391.995436,1.0,0,0.0,stim_min_1,p_Simon,rhythm,1,1,0,1,-20.001,corr,main
51,24.426,261.6255653,1.0,1,24.745,stim_min_1,p_Simon,rhythm,1,1,0,1,0.3190000000000026,fa,main
66,32.84,261.6255653,-17.5,1,33.446,stim_min_1,p_Simon,rhythm,1,1,0,1,0.6059999999999945,fa,main
73,37.088,391.995436,-17.5,0,0.0,stim_min_1,p_Simon,rhythm,1,0,0,1,-37.088,corr,main
84,42.09,261.6255653,-17.5,0,0.0,stim_min_1,p_Simon,rhythm,1,0,0,1,-42.09,corr,main
87,44.084,349.2282314,1.0,0,0.0,stim_min_1,p_Simon,rhythm,1,0,0,1,-44.084,corr,main
18,8.508,391.995436,-17.5,0,0.0,stim_maj_1,p_Johann,melody,1,1,0,1,-8.508,corr,main
30,13.009,293.6647679,-17.5,0,0.0,stim_maj_1,p_Johann,melody,1,0,0,1,-13.009,corr,main
49,20.003,493.8833013,17.5,1,21.215,stim_maj_1,p_Johann,melody,1,0,1,1,1.2119999999999997,hit,main
58,24.005,391.995436,1.0,1,24.724,stim_maj_1,p_Johann,melody,1,1,1,1,0.7190000000000012,hit,main
72,29.012,293.6647679,-17.5,0,0.0,stim_maj_1,p_Johann,melody,1,0,1,1,-29.012,miss,main
79,32.01,523.2511306,1.0,1,32.713,stim_maj_1,p_Johann,melody,1,1,1,1,0.703000000000003,hit,main
91,38.011,293.6647679,17.5,1,38.723,stim_maj_1,p_Johann,melody,1,1,1,1,0.7119999999999962,hit,main
130,56.51,523.2511306,1.0,1,57.211,stim_maj_1,p_Johann,melody,1,1,1,1,0.7010000000000005,hit,main
30,15.002,261.6255653,17.5,1,16.123,stim_min_1,p_Johann,rhythm,1,0,1,1,1.1210000000000004,hit,main
34,17.758,369.9944227,1.0,1,18.472,stim_min_1,p_Johann,rhythm,1,0,1,1,0.7140000000000022,hit,main
38,19.762,311.1269837,1.0,0,0.0,stim_min_1,p_Johann,rhythm,1,0,0,1,-19.762,corr,main
44,24.431,293.6647679,-17.5,1,24.884,stim_min_1,p_Johann,rhythm,1,0,0,1,0.4529999999999994,fa,main
51,27.844,261.6255653,-17.5,0,0.0,stim_min_1,p_Johann,rhythm,1,1,0,1,-27.844,corr,main
57,31.504,261.6255653,17.5,1,32.201,stim_min_1,p_Johann,rhythm,1,0,1,1,0.6969999999999992,hit,main
79,41.75,246.9416506,-17.5,1,42.513,stim_min_1,p_Johann,rhythm,1,0,1,1,0.7629999999999981,hit,main
85,45.448,391.995436,1.0,0,0.0,stim_min_1,p_Johann,rhythm,1,1,0,1,-45.448,corr,main
101,52.208,261.6255653,17.5,0,0.0,stim_min_1,p_Johann,rhythm,1,1,0,1,-52.208,corr,main
117,61.037,440.0,1.0,1,61.939,stim_min_1,p_Johann,rhythm,1,0,1,1,0.902000000000001,hit,main
58,24.014,391.995436,1.0,0,0.0,stim_maj_1,p_Johann,main,1,1,1,1,-24.014,miss,main
73,30.008,391.995436,17.5,0,0.0,stim_maj_1,p_Johann,main,1,0,1,1,-30.008,miss,main
79,32.014,523.2511306,17.5,1,32.914,stim_maj_1,p_Johann,main,1,1,0,1,0.8999999999999986,fa,main
99,42.005,440.0,1.0,0,0.0,stim_maj_1,p_Johann,main,1,0,1,1,-42.005,miss,main
102,44.012,391.995436,1.0,1,44.606,stim_maj_1,p_Johann,main,1,0,0,1,0.5940000000000012,fa,main
115,48.007,246.9416506,17.5,0,0.0,stim_maj_1,p_Johann,main,1,1,1,1,-48.007,miss,main
121,51.0,261.6255653,1.0,1,51.732,stim_maj_1,p_Johann,main,1,0,1,1,0.7319999999999993,hit,main
130,56.508,523.2511306,-17.5,0,0.0,stim_maj_1,p_Johann,main,1,1,1,1,-56.508,miss,main
13,5.011,311.1269837,17.5,1,5.852,stim_min_1,p_Johann,melody,1,0,1,1,0.8410000000000002,hit,main
20,8.007,261.6255653,1.0,1,8.96,stim_min_1,p_Johann,melody,1,1,1,1,0.9530000000000012,hit,main
23,11.002,311.1269837,-17.5,1,11.717,stim_min_1,p_Johann,melody,1,0,1,1,0.7149999999999999,hit,main
32,17.014,195.997718,1.0,1,17.617,stim_min_1,p_Johann,melody,1,0,1,1,0.6030000000000015,hit,main
51,32.005,261.6255653,17.5,1,32.701,stim_min_1,p_Johann,melody,1,1,1,1,0.695999999999998,hit,main
61,37.013,261.6255653,1.0,1,37.524,stim_min_1,p_Johann,melody,1,0,0,1,0.5110000000000028,fa,main
66,40.014,261.6255653,-17.5,1,40.731,stim_min_1,p_Johann,melody,1,1,1,1,0.7169999999999987,hit,main
73,43.006,311.1269837,1.0,1,43.799,stim_min_1,p_Johann,melody,1,0,1,1,0.7929999999999993,hit,main
117,60.005,466.1637615,1.0,0,0.0,stim_min_1,p_Johann,melody,1,0,0,1,-60.005,corr,main
119,61.005,391.995436,1.0,0,0.0,stim_min_1,p_Johann,melody,1,0,0,1,-61.005,corr,main
23,9.503,659.2551138,1.0,0,0.0,stim_maj_1,p_Johann,rhythm,1,0,0,1,-9.503,corr,main
35,15.753,261.6255653,1.0,1,16.53,stim_maj_1,p_Johann,rhythm,1,1,1,1,0.777000000000001,hit,main
45,20.326,391.995436,-17.5,1,21.228,stim_maj_1,p_Johann,rhythm,1,0,1,1,0.902000000000001,hit,main
79,33.953,523.2511306,1.0,0,0.0,stim_maj_1,p_Johann,rhythm,1,1,0,1,-33.953,corr,main
91,39.087,293.6647679,17.5,1,40.062,stim_maj_1,p_Johann,rhythm,1,1,1,1,0.9749999999999943,hit,main
115,50.576,246.9416506,-17.5,0,0.0,stim_maj_1,p_Johann,rhythm,1,1,0,1,-50.576,corr,main
130,57.702,523.2511306,1.0,0,0.0,stim_maj_1,p_Johann,rhythm,1,1,0,1,-57.702,corr,main
138,61.705,329.6275569,17.5,1,62.683,stim_maj_1,p_Johann,rhythm,1,0,1,1,0.9780000000000015,hit,main
5,2.007,523.2511306,-17.5,0,0.0,stim_min_1,p_Johann,main,1,0,0,1,-2.007,corr,main
35,20.013,493.8833013,1.0,1,21.302,stim_min_1,p_Johann,main,1,0,1,1,1.288999999999998,hit,main
39,24.507,391.995436,-17.5,0,0.0,stim_min_1,p_Johann,main,1,1,1,1,-24.507,miss,main
49,30.014,311.1269837,1.0,1,30.795,stim_min_1,p_Johann,main,1,0,1,1,0.7810000000000024,hit,main
51,32.01,261.6255653,17.5,1,32.779,stim_min_1,p_Johann,main,1,1,1,1,0.7690000000000055,hit,main
59,36.009,391.995436,1.0,1,36.821,stim_min_1,p_Johann,main,1,0,1,1,0.8119999999999976,hit,main
85,48.007,391.995436,-17.5,1,48.663,stim_min_1,p_Johann,main,1,1,0,1,0.6559999999999988,fa,main
91,51.012,311.1269837,1.0,0,0.0,stim_min_1,p_Johann,main,1,0,0,1,-51.012,corr,main
98,54.002,261.6255653,17.5,1,55.016,stim_min_1,p_Johann,main,1,0,1,1,1.0139999999999958,hit,main
13,5.013,587.3295358,-17.5,0,0.0,stim_min_1,p_Eddie,main,1,0,0,1,-5.013,corr,main
19,7.004,311.1269837,1.0,1,8.562,stim_min_1,p_Eddie,main,1,0,1,1,1.5579999999999998,hit,main
21,9.012,391.995436,1.0,0,0.0,stim_min_1,p_Eddie,main,1,0,0,1,-9.012,corr,main
24,11.503,349.2282314,17.5,0,0.0,stim_min_1,p_Eddie,main,1,0,1,1,-11.503,miss,main
39,24.515,391.995436,-17.5,0,0.0,stim_min_1,p_Eddie,main,1,1,0,1,-24.515,corr,main
43,27.005,261.6255653,1.0,0,0.0,stim_min_1,p_Eddie,main,1,0,1,1,-27.005,miss,main
52,33.014,246.9416506,17.5,0,0.0,stim_min_1,p_Eddie,main,1,0,0,1,-33.014,corr,main
84,47.015,261.6255653,1.0,1,47.98,stim_min_1,p_Eddie,main,1,0,1,1,0.9649999999999963,hit,main
91,51.001,311.1269837,1.0,0,0.0,stim_min_1,p_Eddie,main,1,0,0,1,-51.001,corr,main
101,56.014,261.6255653,17.5,0,0.0,stim_min_1,p_Eddie,main,1,1,1,1,-56.014,miss,main
3,2.008,329.6275569,1.0,0,0.0,stim_maj_1,p_Eddie,melody,1,0,1,1,-2.008,miss,main
18,8.503,391.995436,17.5,0,0.0,stim_maj_1,p_Eddie,melody,1,1,1,1,-8.503,miss,main
35,16.009,261.6255653,17.5,0,0.0,stim_maj_1,p_Eddie,melody,1,1,0,1,-16.009,corr,main
62,25.016,293.6647679,1.0,1,25.772,stim_maj_1,p_Eddie,melody,1,0,1,1,0.7560000000000002,hit,main
79,32.004,523.2511306,-17.5,0,0.0,stim_maj_1,p_Eddie,melody,1,1,0,1,-32.004,corr,main
88,36.515,329.6275569,1.0,0,0.0,stim_maj_1,p_Eddie,melody,1,0,0,1,-36.515,corr,main
91,38.007,293.6647679,17.5,0,0.0,stim_maj_1,p_Eddie,melody,1,1,1,1,-38.007,miss,main
130,56.512,523.2511306,17.5,0,0.0,stim_maj_1,p_Eddie,melody,1,1,1,1,-56.512,miss,main
6,3.0,329.6275569,1.0,1,4.418,stim_maj_1,p_Eddie,main,1,0,1,1,1.4180000000000001,hit,main
58,24.014,391.995436,1.0,0,0.0,stim_maj_1,p_Eddie,main,1,1,0,1,-24.014,corr,main
89,37.001,349.2282314,-17.5,0,0.0,stim_maj_1,p_Eddie,main,1,0,1,1,-37.001,miss,main
95,40.003,261.6255653,1.0,0,0.0,stim_maj_1,p_Eddie,main,1,1,1,1,-40.003,miss,main
99,42.009,440.0,17.5,0,0.0,stim_maj_1,p_Eddie,main,1,0,1,1,-42.009,miss,main
102,44.012,391.995436,1.0,0,0.0,stim_maj_1,p_Eddie,main,1,0,1,1,-44.012,miss,main
115,48.008,246.9416506,-17.5,0,0.0,stim_maj_1,p_Eddie,main,1,1,0,1,-48.008,corr,main
130,56.507,523.2511306,1.0,0,0.0,stim_maj_1,p_Eddie,main,1,1,0,1,-56.507,corr,main
16,7.01,415.3046976,-17.5,0,0.0,stim_min_1,p_Eddie,rhythm,1,0,0,1,-7.01,corr,main
20,8.845,261.6255653,1.0,0,0.0,stim_min_1,p_Eddie,rhythm,1,1,1,1,-8.845,miss,main
25,11.098,311.1269837,1.0,0,0.0,stim_min_1,p_Eddie,rhythm,1,0,0,1,-11.098,corr,main
29,13.341,246.9416506,17.5,0,0.0,stim_min_1,p_Eddie,rhythm,1,0,1,1,-13.341,miss,main
39,21.002,391.995436,17.5,0,0.0,stim_min_1,p_Eddie,rhythm,1,1,0,1,-21.002,corr,main
49,26.505,311.1269837,-17.5,1,27.968,stim_min_1,p_Eddie,rhythm,1,0,1,1,1.463000000000001,hit,main
84,44.208,261.6255653,1.0,1,45.293,stim_min_1,p_Eddie,rhythm,1,0,1,1,1.0850000000000009,hit,main
91,49.199,311.1269837,-17.5,0,0.0,stim_min_1,p_Eddie,rhythm,1,0,1,1,-49.199,miss,main
101,54.541,261.6255653,1.0,0,0.0,stim_min_1,p_Eddie,rhythm,1,1,1,1,-54.541,miss,main
117,61.033,440.0,17.5,0,0.0,stim_min_1,p_Eddie,rhythm,1,0,1,1,-61.033,miss,main
21,9.003,246.9416506,17.5,0,0.0,stim_min_1,p_Eddie,melody,1,0,0,1,-9.003,corr,main
31,16.005,391.995436,-17.5,0,0.0,stim_min_1,p_Eddie,melody,1,1,1,1,-16.005,miss,main
43,27.008,246.9416506,1.0,1,27.752,stim_min_1,p_Eddie,melody,1,0,1,1,0.7439999999999998,hit,main
49,30.014,349.2282314,1.0,0,0.0,stim_min_1,p_Eddie,melody,1,0,0,1,-30.014,corr,main
51,32.001,261.6255653,17.5,0,0.0,stim_min_1,p_Eddie,melody,1,1,1,1,-32.001,miss,main
59,36.001,293.6647679,1.0,1,36.532,stim_min_1,p_Eddie,melody,1,0,1,1,0.5309999999999988,hit,main
77,44.0,391.995436,-17.5,0,0.0,stim_min_1,p_Eddie,melody,1,0,0,1,-44.0,corr,main
81,46.014,261.6255653,1.0,1,47.941,stim_min_1,p_Eddie,melody,1,0,0,1,1.9269999999999996,fa,main
85,48.004,391.995436,1.0,0,0.0,stim_min_1,p_Eddie,melody,1,1,0,1,-48.004,corr,main
18,8.138,391.995436,1.0,1,8.916,stim_maj_1,p_Eddie,rhythm,1,1,1,1,0.7780000000000005,hit,main
35,15.251,261.6255653,17.5,0,0.0,stim_maj_1,p_Eddie,rhythm,1,1,1,1,-15.251,miss,main
58,24.758,391.995436,1.0,0,0.0,stim_maj_1,p_Eddie,rhythm,1,1,0,1,-24.758,corr,main
89,37.13,349.2282314,1.0,1,37.983,stim_maj_1,p_Eddie,rhythm,1,0,1,1,0.8529999999999944,hit,main
95,39.386,261.6255653,1.0,0,0.0,stim_maj_1,p_Eddie,rhythm,1,1,0,1,-39.386,corr,main
114,49.335,523.2511306,1.0,0,0.0,stim_maj_1,p_Eddie,rhythm,1,0,0,1,-49.335,corr,main
121,52.213,261.6255653,1.0,1,52.65,stim_maj_1,p_Eddie,rhythm,1,0,0,1,0.4369999999999976,fa,main
130,59.576,523.2511306,17.5,0,0.0,stim_maj_1,p_Eddie,rhythm,1,1,0,1,-59.576,corr,main
13,5.009,587.3295358,17.5,1,6.229,stim_min_1,p_,main,1,0,1,1,1.2199999999999998,hit,main
23,11.014,391.995436,1.0,1,12.179,stim_min_1,p_,main,1,0,1,1,1.165000000000001,hit,main
27,13.003,391.995436,-17.5,0,0.0,stim_min_1,p_,main,1,0,1,1,-13.003,miss,main
31,16.009,391.995436,1.0,0,0.0,stim_min_1,p_,main,1,1,0,1,-16.009,corr,main
33,18.015,391.995436,17.5,1,18.531,stim_min_1,p_,main,1,0,1,1,0.5159999999999982,hit,main
44,28.502,293.6647679,-17.5,0,0.0,stim_min_1,p_,main,1,0,0,1,-28.502,corr,main
52,33.005,246.9416506,1.0,0,0.0,stim_min_1,p_,main,1,0,0,1,-33.005,corr,main
61,37.004,261.6255653,17.5,1,37.27,stim_min_1,p_,main,1,0,0,1,0.26600000000000534,fa,main
85,48.012,391.995436,1.0,1,48.353,stim_min_1,p_,main,1,1,1,1,0.3410000000000011,hit,main
101,56.013,261.6255653,1.0,1,56.666,stim_min_1,p_,main,1,1,0,1,0.6529999999999987,fa,main
13,6.01,329.6275569,1.0,1,6.973,stim_maj_1,p_,main,1,0,1,1,0.9630000000000001,hit,main
35,16.011,261.6255653,17.5,0,0.0,stim_maj_1,p_,main,1,1,1,1,-16.011,miss,main
49,20.01,329.6275569,1.0,0,0.0,stim_maj_1,p_,main,1,0,1,1,-20.01,miss,main
79,32.006,523.2511306,1.0,1,32.722,stim_maj_1,p_,main,1,1,1,1,0.7160000000000011,hit,main
91,38.011,293.6647679,17.5,0,0.0,stim_maj_1,p_,main,1,1,0,1,-38.011,corr,main
99,42.013,440.0,1.0,1,42.654,stim_maj_1,p_,main,1,0,0,1,0.6410000000000053,fa,main
130,56.504,523.2511306,1.0,1,57.628,stim_maj_1,p_,main,1,1,1,1,1.1240000000000023,hit,main
20,11.672,261.6255653,1.0,0,0.0,stim_min_1,p_,rhythm,1,1,1,1,-11.672,miss,main
29,17.17,246.9416506,17.5,0,0.0,stim_min_1,p_,rhythm,1,0,1,1,-17.17,miss,main
31,18.677,391.995436,1.0,1,19.612,stim_min_1,p_,rhythm,1,1,1,1,0.9349999999999987,hit,main
42,25.258,246.9416506,-17.5,0,0.0,stim_min_1,p_,rhythm,1,0,0,1,-25.258,corr,main
81,43.765,195.997718,17.5,0,0.0,stim_min_1,p_,rhythm,1,0,0,1,-43.765,corr,main
85,45.758,391.995436,17.5,0,0.0,stim_min_1,p_,rhythm,1,1,0,1,-45.758,corr,main
96,51.417,293.6647679,17.5,0,0.0,stim_min_1,p_,rhythm,1,0,0,1,-51.417,corr,main
107,56.039,311.1269837,1.0,0,0.0,stim_min_1,p_,rhythm,1,0,0,1,-56.039,corr,main
115,59.462,493.8833013,-17.5,0,0.0,stim_min_1,p_,rhythm,1,0,0,1,-59.462,corr,main
119,60.949,391.995436,1.0,1,61.524,stim_min_1,p_,rhythm,1,0,0,1,0.5750000000000028,fa,main
35,16.005,261.6255653,1.0,1,17.339,stim_maj_1,p_,melody,1,1,0,1,1.3339999999999996,fa,main
58,24.0,391.995436,-17.5,0,0.0,stim_maj_1,p_,melody,1,1,1,1,-24.0,miss,main
79,32.003,523.2511306,-17.5,0,0.0,stim_maj_1,p_,melody,1,1,0,1,-32.003,corr,main
91,38.028,293.6647679,1.0,1,38.856,stim_maj_1,p_,melody,1,1,1,1,0.828000000000003,hit,main
101,43.002,293.6647679,1.0,1,43.545,stim_maj_1,p_,melody,1,0,1,1,0.5429999999999993,hit,main
114,47.015,523.2511306,-17.5,0,0.0,stim_maj_1,p_,melody,1,0,1,1,-47.015,miss,main
130,56.512,523.2511306,1.0,1,57.227,stim_maj_1,p_,melody,1,1,1,1,0.7149999999999963,hit,main
18,7.265,391.995436,1.0,1,7.905,stim_maj_1,p_,rhythm,1,1,1,1,0.6400000000000006,hit,main
35,14.526,261.6255653,17.5,0,0.0,stim_maj_1,p_,rhythm,1,1,1,1,-14.526,miss,main
53,25.388,261.6255653,1.0,0,0.0,stim_maj_1,p_,rhythm,1,0,1,1,-25.388,miss,main
79,36.753,523.2511306,1.0,0,0.0,stim_maj_1,p_,rhythm,1,1,0,1,-36.753,corr,main
89,41.128,349.2282314,1.0,1,41.797,stim_maj_1,p_,rhythm,1,0,1,1,0.6689999999999969,hit,main
97,45.886,329.6275569,17.5,0,0.0,stim_maj_1,p_,rhythm,1,0,0,1,-45.886,corr,main
115,52.751,246.9416506,1.0,0,0.0,stim_maj_1,p_,rhythm,1,1,0,1,-52.751,corr,main
130,59.786,523.2511306,-17.5,1,60.799,stim_maj_1,p_,rhythm,1,1,1,1,1.0129999999999981,hit,main
3,1.004,246.9416506,1.0,1,1.816,stim_min_1,p_,melody,1,0,1,1,0.812,hit,main
13,5.013,293.6647679,17.5,0,0.0,stim_min_1,p_,melody,1,0,1,1,-5.013,miss,main
37,22.001,349.2282314,1.0,0,0.0,stim_min_1,p_,melody,1,0,0,1,-22.001,corr,main
39,24.507,391.995436,1.0,0,0.0,stim_min_1,p_,melody,1,1,0,1,-24.507,corr,main
49,30.011,311.1269837,17.5,1,30.82,stim_min_1,p_,melody,1,0,1,1,0.809000000000001,hit,main
51,32.004,261.6255653,1.0,0,0.0,stim_min_1,p_,melody,1,1,1,1,-32.004,miss,main
73,43.003,523.2511306,1.0,1,43.55,stim_min_1,p_,melody,1,0,1,1,0.546999999999997,hit,main
79,45.012,349.2282314,1.0,0,0.0,stim_min_1,p_,melody,1,0,0,1,-45.012,corr,main
101,56.004,261.6255653,17.5,1,56.686,stim_min_1,p_,melody,1,1,1,1,0.6820000000000022,hit,main
115,59.006,466.1637615,1.0,1,59.899,stim_min_1,p_,melody,1,0,1,1,0.8930000000000007,hit,main
3,2.006,349.2282314,-17.5,1,3.431,stim_maj_1,p_Aaron,main,1,0,0,1,1.4250000000000003,fa,main
79,32.005,523.2511306,1.0,1,32.626,stim_maj_1,p_Aaron,main,1,1,0,1,0.6209999999999951,fa,main
91,38.006,293.6647679,-17.5,1,39.112,stim_maj_1,p_Aaron,main,1,1,1,1,1.1060000000000016,hit,main
95,40.015,261.6255653,1.0,1,40.996,stim_maj_1,p_Aaron,main,1,1,1,1,0.9810000000000016,hit,main
102,44.007,391.995436,17.5,1,44.832,stim_maj_1,p_Aaron,main,1,0,1,1,0.8250000000000028,hit,main
115,48.006,246.9416506,1.0,0,0.0,stim_maj_1,p_Aaron,main,1,1,1,1,-48.006,miss,main
135,60.506,293.6647679,1.0,1,61.69,stim_maj_1,p_Aaron,main,1,0,1,1,1.1839999999999975,hit,main
20,8.014,261.6255653,1.0,1,9.307,stim_min_1,p_Aaron,main,1,1,1,1,1.293000000000001,hit,main
25,12.01,311.1269837,17.5,1,13.069,stim_min_1,p_Aaron,main,1,0,1,1,1.059000000000001,hit,main
39,24.502,391.995436,1.0,0,0.0,stim_min_1,p_Aaron,main,1,1,0,1,-24.502,corr,main
46,29.004,349.2282314,-17.5,1,29.878,stim_min_1,p_Aaron,main,1,0,1,1,0.8739999999999988,hit,main
51,32.012,261.6255653,1.0,0,0.0,stim_min_1,p_Aaron,main,1,1,1,1,-32.012,miss,main
59,36.013,391.995436,17.5,1,36.869,stim_min_1,p_Aaron,main,1,0,1,1,0.8560000000000016,hit,main
84,47.013,261.6255653,1.0,0,0.0,stim_min_1,p_Aaron,main,1,0,0,1,-47.013,corr,main
107,57.008,311.1269837,-17.5,0,0.0,stim_min_1,p_Aaron,main,1,0,0,1,-57.008,corr,main
115,59.003,493.8833013,1.0,1,59.762,stim_min_1,p_Aaron,main,1,0,1,1,0.7590000000000003,hit,main
121,62.012,349.2282314,17.5,0,0.0,stim_min_1,p_Aaron,main,1,0,1,1,-62.012,miss,main
8,3.009,523.2511306,-17.5,0,0.0,stim_min_1,p_Aaron,melody,1,0,0,1,-3.009,corr,main
20,8.008,261.6255653,-17.5,0,0.0,stim_min_1,p_Aaron,melody,1,1,0,1,-8.008,corr,main
29,14.001,349.2282314,1.0,1,14.601,stim_min_1,p_Aaron,melody,1,0,1,1,0.6000000000000014,hit,main
46,29.005,246.9416506,-17.5,1,29.533,stim_min_1,p_Aaron,melody,1,0,1,1,0.5280000000000022,hit,main
65,39.006,195.997718,-17.5,0,0.0,stim_min_1,p_Aaron,melody,1,0,0,1,-39.006,corr,main
73,43.011,311.1269837,17.5,1,43.789,stim_min_1,p_Aaron,melody,1,0,1,1,0.7779999999999987,hit,main
87,49.008,349.2282314,1.0,1,49.633,stim_min_1,p_Aaron,melody,1,0,1,1,0.625,hit,main
101,56.002,261.6255653,1.0,1,57.073,stim_min_1,p_Aaron,melody,1,1,1,1,1.070999999999998,hit,main
121,62.014,391.995436,1.0,1,62.795,stim_min_1,p_Aaron,melody,1,0,1,1,0.7809999999999988,hit,main
17,8.132,261.6255653,1.0,0,0.0,stim_maj_1,p_Aaron,rhythm,1,0,1,1,-8.132,miss,main
28,13.628,349.2282314,17.5,1,14.252,stim_maj_1,p_Aaron,rhythm,1,0,1,1,0.6240000000000006,hit,main
43,18.761,440.0,1.0,1,19.477,stim_maj_1,p_Aaron,rhythm,1,0,0,1,0.7160000000000011,fa,main
73,33.507,391.995436,17.5,0,0.0,stim_maj_1,p_Aaron,rhythm,1,0,0,1,-33.507,corr,main
91,40.756,293.6647679,-17.5,1,41.444,stim_maj_1,p_Aaron,rhythm,1,1,1,1,0.6880000000000024,hit,main
115,52.089,246.9416506,1.0,1,52.925,stim_maj_1,p_Aaron,rhythm,1,1,1,1,0.8359999999999985,hit,main
130,59.085,523.2511306,1.0,0,0.0,stim_maj_1,p_Aaron,rhythm,1,1,0,1,-59.085,corr,main
138,62.201,329.6275569,17.5,1,63.252,stim_maj_1,p_Aaron,rhythm,1,0,1,1,1.051000000000002,hit,main
23,10.011,440.0,1.0,0,0.0,stim_maj_1,p_Aaron,melody,1,0,0,1,-10.011,corr,main
58,24.009,391.995436,-17.5,0,0.0,stim_maj_1,p_Aaron,melody,1,1,1,1,-24.009,miss,main
73,30.014,329.6275569,1.0,1,30.777,stim_maj_1,p_Aaron,melody,1,0,1,1,0.7630000000000017,hit,main
91,38.002,293.6647679,1.0,0,0.0,stim_maj_1,p_Aaron,melody,1,1,0,1,-38.002,corr,main
95,40.014,261.6255653,1.0,0,0.0,stim_maj_1,p_Aaron,melody,1,1,0,1,-40.014,corr,main
110,46.015,293.6647679,1.0,1,47.386,stim_maj_1,p_Aaron,melody,1,0,1,1,1.3710000000000022,hit,main
115,48.008,246.9416506,-17.5,1,48.864,stim_maj_1,p_Aaron,melody,1,1,1,1,0.8559999999999945,hit,main
130,56.514,523.2511306,17.5,1,57.366,stim_maj_1,p_Aaron,melody,1,1,1,1,0.8519999999999968,hit,main
19,8.177,311.1269837,-17.5,0,0.0,stim_min_1,p_Aaron,rhythm,1,0,0,1,-8.177,corr,main
24,11.93,349.2282314,17.5,1,12.476,stim_min_1,p_Aaron,rhythm,1,0,1,1,0.5460000000000012,hit,main
31,15.613,391.995436,1.0,0,0.0,stim_min_1,p_Aaron,rhythm,1,1,1,1,-15.613,miss,main
43,22.701,261.6255653,-17.5,0,0.0,stim_min_1,p_Aaron,rhythm,1,0,0,1,-22.701,corr,main
50,25.785,261.6255653,1.0,1,27.308,stim_min_1,p_Aaron,rhythm,1,0,0,1,1.5229999999999997,fa,main
61,32.698,261.6255653,1.0,0,0.0,stim_min_1,p_Aaron,rhythm,1,0,1,1,-32.698,miss,main
66,35.699,261.6255653,1.0,0,0.0,stim_min_1,p_Aaron,rhythm,1,1,0,1,-35.699,corr,main
85,44.371,391.995436,-17.5,0,0.0,stim_min_1,p_Aaron,rhythm,1,1,0,1,-44.371,corr,main
98,50.454,261.6255653,1.0,0,0.0,stim_min_1,p_Aaron,rhythm,1,0,1,1,-50.454,miss,main
115,59.622,493.8833013,17.5,1,60.107,stim_min_1,p_Aaron,rhythm,1,0,1,1,0.48499999999999943,hit,main
6,3.002,329.6275569,1.0,1,3.784,stim_maj_1,p_Ferdinand,main,1,0,1,1,0.782,hit,main
18,8.511,391.995436,17.5,1,9.259,stim_maj_1,p_Ferdinand,main,1,1,1,1,0.7480000000000011,hit,main
35,16.013,261.6255653,-17.5,1,16.854,stim_maj_1,p_Ferdinand,main,1,1,1,1,0.8409999999999975,hit,main
58,24.006,391.995436,-17.5,0,0.0,stim_maj_1,p_Ferdinand,main,1,1,0,1,-24.006,corr,main
114,47.008,523.2511306,17.5,1,48.332,stim_maj_1,p_Ferdinand,main,1,0,1,1,1.323999999999998,hit,main
126,53.01,293.6647679,-17.5,0,0.0,stim_maj_1,p_Ferdinand,main,1,0,1,1,-53.01,miss,main
130,56.515,523.2511306,1.0,0,0.0,stim_maj_1,p_Ferdinand,main,1,1,1,1,-56.515,miss,main
134,59.002,440.0,1.0,0,0.0,stim_maj_1,p_Ferdinand,main,1,0,0,1,-59.002,corr,main
20,8.032,261.6255653,17.5,0,0.0,stim_min_1,p_Ferdinand,main,1,1,1,1,-8.032,miss,main
31,16.008,391.995436,1.0,0,0.0,stim_min_1,p_Ferdinand,main,1,1,1,1,-16.008,miss,main
35,20.008,493.8833013,-17.5,1,21.129,stim_min_1,p_Ferdinand,main,1,0,1,1,1.1210000000000022,hit,main
39,24.501,391.995436,1.0,0,0.0,stim_min_1,p_Ferdinand,main,1,1,1,1,-24.501,miss,main
52,33.007,246.9416506,17.5,1,33.804,stim_min_1,p_Ferdinand,main,1,0,1,1,0.7970000000000041,hit,main
68,41.0,311.1269837,-17.5,0,0.0,stim_min_1,p_Ferdinand,main,1,0,0,1,-41.0,corr,main
115,59.003,493.8833013,1.0,1,59.999,stim_min_1,p_Ferdinand,main,1,0,1,1,0.9960000000000022,hit,main
117,60.015,440.0,1.0,0,0.0,stim_min_1,p_Ferdinand,main,1,0,0,1,-60.015,corr,main
13,8.252,587.3295358,-17.5,0,0.0,stim_min_1,p_Ferdinand,rhythm,1,0,0,1,-8.252,corr,main
24,14.258,349.2282314,1.0,0,0.0,stim_min_1,p_Ferdinand,rhythm,1,0,0,1,-14.258,corr,main
29,17.012,246.9416506,1.0,1,18.411,stim_min_1,p_Ferdinand,rhythm,1,0,1,1,1.399000000000001,hit,main
33,19.673,391.995436,-17.5,0,0.0,stim_min_1,p_Ferdinand,rhythm,1,0,0,1,-19.673,corr,main
38,22.672,311.1269837,1.0,0,0.0,stim_min_1,p_Ferdinand,rhythm,1,0,1,1,-22.672,miss,main
44,25.753,293.6647679,17.5,1,26.78,stim_min_1,p_Ferdinand,rhythm,1,0,1,1,1.027000000000001,hit,main
51,29.506,261.6255653,1.0,1,30.549,stim_min_1,p_Ferdinand,rhythm,1,1,1,1,1.0429999999999993,hit,main
101,54.532,261.6255653,1.0,0,0.0,stim_min_1,p_Ferdinand,rhythm,1,1,0,1,-54.532,corr,main
115,60.377,493.8833013,17.5,0,0.0,stim_min_1,p_Ferdinand,rhythm,1,0,1,1,-60.377,miss,main
18,8.501,391.995436,-17.5,0,0.0,stim_maj_1,p_Ferdinand,melody,1,1,0,1,-8.501,corr,main
35,16.011,261.6255653,17.5,0,0.0,stim_maj_1,p_Ferdinand,melody,1,1,1,1,-16.011,miss,main
58,24.012,391.995436,1.0,1,24.884,stim_maj_1,p_Ferdinand,melody,1,1,1,1,0.8719999999999999,hit,main
81,33.01,391.995436,-17.5,1,34.416,stim_maj_1,p_Ferdinand,melody,1,0,1,1,1.4059999999999988,hit,main
93,39.005,659.2551138,1.0,0,0.0,stim_maj_1,p_Ferdinand,melody,1,0,0,1,-39.005,corr,main
101,43.001,261.6255653,17.5,0,0.0,stim_maj_1,p_Ferdinand,melody,1,0,0,1,-43.001,corr,main
129,54.001,261.6255653,1.0,0,0.0,stim_maj_1,p_Ferdinand,melody,1,0,0,1,-54.001,corr,main
135,60.5,261.6255653,17.5,1,61.434,stim_maj_1,p_Ferdinand,melody,1,0,0,1,0.9339999999999975,fa,main
35,16.838,261.6255653,1.0,0,0.0,stim_maj_1,p_Ferdinand,rhythm,1,1,0,1,-16.838,corr,main
51,23.581,261.6255653,1.0,0,0.0,stim_maj_1,p_Ferdinand,rhythm,1,0,0,1,-23.581,corr,main
72,32.573,440.0,1.0,0,0.0,stim_maj_1,p_Ferdinand,rhythm,1,0,1,1,-32.573,miss,main
79,34.952,523.2511306,-17.5,0,0.0,stim_maj_1,p_Ferdinand,rhythm,1,1,1,1,-34.952,miss,main
102,43.828,391.995436,1.0,0,0.0,stim_maj_1,p_Ferdinand,rhythm,1,0,1,1,-43.828,miss,main
115,50.963,246.9416506,-17.5,0,0.0,stim_maj_1,p_Ferdinand,rhythm,1,1,1,1,-50.963,miss,main
130,59.955,523.2511306,17.5,0,0.0,stim_maj_1,p_Ferdinand,rhythm,1,1,1,1,-59.955,miss,main
19,7.013,311.1269837,1.0,0,0.0,stim_min_1,p_Ferdinand,melody,1,0,1,1,-7.013,miss,main
23,11.012,391.995436,1.0,0,0.0,stim_min_1,p_Ferdinand,melody,1,0,0,1,-11.012,corr,main
29,14.013,293.6647679,17.5,0,0.0,stim_min_1,p_Ferdinand,melody,1,0,0,1,-14.013,corr,main
32,17.014,349.2282314,1.0,0,0.0,stim_min_1,p_Ferdinand,melody,1,0,0,1,-17.014,corr,main
36,21.001,391.995436,1.0,0,0.0,stim_min_1,p_Ferdinand,melody,1,0,0,1,-21.001,corr,main
51,32.015,261.6255653,17.5,1,32.452,stim_min_1,p_Ferdinand,melody,1,1,0,1,0.4369999999999976,fa,main
85,48.007,391.995436,1.0,0,0.0,stim_min_1,p_Ferdinand,melody,1,1,0,1,-48.007,corr,main
89,50.003,349.2282314,17.5,0,0.0,stim_min_1,p_Ferdinand,melody,1,0,1,1,-50.003,miss,main
101,56.008,261.6255653,17.5,0,0.0,stim_min_1,p_Ferdinand,melody,1,1,0,1,-56.008,corr,main
113,58.009,261.6255653,1.0,0,0.0,stim_min_1,p_Ferdinand,melody,1,0,1,1,-58.009,miss,main
18,8.507,391.995436,1.0,1,9.101,stim_maj_1,p_Fredor,melody,1,1,1,1,0.5940000000000012,hit,main
25,11.004,391.995436,17.5,1,11.953,stim_maj_1,p_Fredor,melody,1,0,1,1,0.9489999999999998,hit,main
32,14.002,493.8833013,1.0,1,14.53,stim_maj_1,p_Fredor,melody,1,0,1,1,0.5279999999999987,hit,main
91,38.008,293.6647679,-17.5,1,38.873,stim_maj_1,p_Fredor,melody,1,1,0,1,0.8649999999999949,fa,main
95,40.013,261.6255653,1.0,1,41.288,stim_maj_1,p_Fredor,melody,1,1,1,1,1.2749999999999986,hit,main
102,44.0,261.6255653,17.5,0,0.0,stim_maj_1,p_Fredor,melody,1,0,0,1,-44.0,corr,main
110,46.013,349.2282314,1.0,1,46.498,stim_maj_1,p_Fredor,melody,1,0,1,1,0.48499999999999943,hit,main
130,56.512,523.2511306,1.0,1,57.29,stim_maj_1,p_Fredor,melody,1,1,1,1,0.7779999999999987,hit,main
20,11.256,261.6255653,1.0,1,11.954,stim_min_1,p_Fredor,rhythm,1,1,1,1,0.6980000000000004,hit,main
25,14.211,311.1269837,1.0,0,0.0,stim_min_1,p_Fredor,rhythm,1,0,0,1,-14.211,corr,main
31,16.615,391.995436,17.5,1,17.244,stim_min_1,p_Fredor,rhythm,1,1,0,1,0.6290000000000013,fa,main
50,26.623,261.6255653,-17.5,1,27.374,stim_min_1,p_Fredor,rhythm,1,0,0,1,0.7509999999999977,fa,main
55,30.115,311.1269837,17.5,1,30.923,stim_min_1,p_Fredor,rhythm,1,0,1,1,0.8079999999999998,hit,main
63,33.287,293.6647679,17.5,0,0.0,stim_min_1,p_Fredor,rhythm,1,0,0,1,-33.287,corr,main
66,35.293,261.6255653,1.0,0,0.0,stim_min_1,p_Fredor,rhythm,1,1,0,1,-35.293,corr,main
71,38.542,311.1269837,1.0,0,0.0,stim_min_1,p_Fredor,rhythm,1,0,0,1,-38.542,corr,main
96,50.867,293.6647679,17.5,1,51.689,stim_min_1,p_Fredor,rhythm,1,0,1,1,0.8220000000000027,hit,main
13,5.004,311.1269837,1.0,0,0.0,stim_min_1,p_Fredor,melody,1,0,1,1,-5.004,miss,main
20,8.013,261.6255653,1.0,1,8.494,stim_min_1,p_Fredor,melody,1,1,0,1,0.48099999999999987,fa,main
37,22.014,311.1269837,1.0,1,22.421,stim_min_1,p_Fredor,melody,1,0,1,1,0.40700000000000003,hit,main
39,24.513,391.995436,-17.5,1,25.323,stim_min_1,p_Fredor,melody,1,1,1,1,0.8099999999999987,hit,main
73,43.008,293.6647679,-17.5,1,43.783,stim_min_1,p_Fredor,melody,1,0,1,1,0.7749999999999986,hit,main
81,46.008,293.6647679,1.0,0,0.0,stim_min_1,p_Fredor,melody,1,0,1,1,-46.008,miss,main
85,48.015,391.995436,17.5,1,48.921,stim_min_1,p_Fredor,melody,1,1,1,1,0.9059999999999988,hit,main
96,53.016,415.3046976,17.5,0,0.0,stim_min_1,p_Fredor,melody,1,0,0,1,-53.016,corr,main
101,56.003,261.6255653,17.5,1,56.681,stim_min_1,p_Fredor,melody,1,1,0,1,0.6779999999999973,fa,main
117,60.011,349.2282314,17.5,0,0.0,stim_min_1,p_Fredor,melody,1,0,0,1,-60.011,corr,main
18,10.081,391.995436,1.0,1,10.718,stim_maj_1,p_Fredor,rhythm,1,1,1,1,0.6370000000000005,hit,main
51,23.335,261.6255653,-17.5,1,24.049,stim_maj_1,p_Fredor,rhythm,1,0,1,1,0.7139999999999986,hit,main
62,28.702,261.6255653,-17.5,1,29.321,stim_maj_1,p_Fredor,rhythm,1,0,0,1,0.6189999999999998,fa,main
91,38.706,293.6647679,17.5,1,39.502,stim_maj_1,p_Fredor,rhythm,1,1,1,1,0.7959999999999994,hit,main
95,40.466,261.6255653,17.5,0,0.0,stim_maj_1,p_Fredor,rhythm,1,1,0,1,-40.466,corr,main
130,59.457,523.2511306,-17.5,1,60.113,stim_maj_1,p_Fredor,rhythm,1,1,1,1,0.6559999999999988,hit,main
135,61.469,293.6647679,1.0,0,0.0,stim_maj_1,p_Fredor,rhythm,1,0,1,1,-61.469,miss,main
20,8.0,261.6255653,1.0,1,8.461,stim_min_1,p_Fredor,main,1,1,0,1,0.4610000000000003,fa,main
23,11.008,391.995436,1.0,0,0.0,stim_min_1,p_Fredor,main,1,0,0,1,-11.008,corr,main
31,16.004,391.995436,17.5,1,17.352,stim_min_1,p_Fredor,main,1,1,0,1,1.347999999999999,fa,main
49,30.006,311.1269837,-17.5,1,31.612,stim_min_1,p_Fredor,main,1,0,1,1,1.605999999999998,hit,main
57,35.006,261.6255653,1.0,1,35.938,stim_min_1,p_Fredor,main,1,0,1,1,0.9320000000000022,hit,main
65,39.007,195.997718,1.0,1,39.77,stim_min_1,p_Fredor,main,1,0,0,1,0.7630000000000052,fa,main
71,42.012,311.1269837,1.0,1,42.822,stim_min_1,p_Fredor,main,1,0,1,1,0.8100000000000023,hit,main
81,46.011,195.997718,-17.5,1,47.226,stim_min_1,p_Fredor,main,1,0,1,1,1.2149999999999963,hit,main
101,56.015,261.6255653,1.0,1,56.702,stim_min_1,p_Fredor,main,1,1,1,1,0.6869999999999976,hit,main
115,59.006,493.8833013,17.5,1,59.987,stim_min_1,p_Fredor,main,1,0,1,1,0.9810000000000016,hit,main
8,4.009,293.6647679,1.0,1,4.587,stim_maj_1,p_Fredor,main,1,0,1,1,0.5779999999999994,hit,main
23,10.013,659.2551138,17.5,1,10.619,stim_maj_1,p_Fredor,main,1,0,0,1,0.6059999999999999,fa,main
35,16.005,261.6255653,-17.5,1,16.74,stim_maj_1,p_Fredor,main,1,1,1,1,0.7349999999999994,hit,main
79,32.015,523.2511306,17.5,1,32.636,stim_maj_1,p_Fredor,main,1,1,1,1,0.6210000000000022,hit,main
106,45.005,391.995436,1.0,1,45.771,stim_maj_1,p_Fredor,main,1,0,0,1,0.7659999999999982,fa,main
115,48.006,246.9416506,-17.5,1,49.374,stim_maj_1,p_Fredor,main,1,1,0,1,1.368000000000002,fa,main
130,56.512,523.2511306,1.0,1,57.036,stim_maj_1,p_Fredor,main,1,1,0,1,0.5240000000000009,fa,main
138,62.004,329.6275569,17.5,1,62.732,stim_maj_1,p_Fredor,main,1,0,1,1,0.7280000000000015,hit,main
